{"cameraMode":{"drawMode":0,"name":"Shaded","section":"Shading Mode"},"sceneLighting":true,"audioPlay":false,"sceneViewState":{"showFog":true,"showMaterialUpdate":true,"showSkybox":true,"showFlares":true,"showImageEffects":true,"showParticleSystems":true},"in2DMode":false,"pivot":{"x":0.23301219940185548,"y":1.9814178943634034,"z":0.5321706533432007},"rotation":{"x":0.12335993349552155,"y":0.6274352073669434,"z":-0.10160838067531586,"w":0.7621387243270874},"size":9.505197525024414,"orthographic":false}