{"cameraMode":{"drawMode":0,"name":"Shaded","section":"Shading Mode"},"sceneLighting":true,"audioPlay":false,"sceneViewState":{"showFog":true,"showMaterialUpdate":true,"showSkybox":true,"showFlares":true,"showImageEffects":true,"showParticleSystems":true},"in2DMode":false,"pivot":{"x":3.444650650024414,"y":-0.679424524307251,"z":-0.4407058656215668},"rotation":{"x":-0.10159405320882797,"y":-0.7309465408325195,"z":0.11161236464977265,"w":-0.6655797362327576},"size":8.180431365966797,"orthographic":false}