{"cameraMode":{"drawMode":0,"name":"Shaded","section":"Shading Mode"},"sceneLighting":true,"audioPlay":false,"sceneViewState":{"showFog":true,"showMaterialUpdate":true,"showSkybox":true,"showFlares":true,"showImageEffects":true,"showParticleSystems":true},"in2DMode":false,"pivot":{"x":0.0,"y":0.028109431266784669,"z":-0.061707109212875369},"rotation":{"x":-0.037008173763751987,"y":0.9613504409790039,"z":-0.1615530252456665,"w":-0.21999405324459077},"size":4.114765644073486,"orthographic":false}