{"cameraMode":{"drawMode":0,"name":"Shaded","section":"Shading Mode"},"sceneLighting":true,"audioPlay":false,"sceneViewState":{"showFog":true,"showMaterialUpdate":true,"showSkybox":true,"showFlares":true,"showImageEffects":true,"showParticleSystems":true},"in2DMode":false,"pivot":{"x":761.086181640625,"y":42.32611846923828,"z":53.03041076660156},"rotation":{"x":-0.12295935302972794,"y":-0.024711137637495996,"z":0.0030626850202679636,"w":-0.9920992851257324},"size":272.4136657714844,"orthographic":false}