{"cameraMode":{"drawMode":0,"name":"Shaded","section":"Shading Mode"},"sceneLighting":true,"audioPlay":false,"sceneViewState":{"showFog":true,"showMaterialUpdate":true,"showSkybox":true,"showFlares":true,"showImageEffects":true,"showParticleSystems":true},"in2DMode":false,"pivot":{"x":-0.4864921569824219,"y":8.725751876831055,"z":-8.876670837402344},"rotation":{"x":0.05263802409172058,"y":0.6629070043563843,"z":-0.046811506152153018,"w":0.7453867197036743},"size":40.07433319091797,"orthographic":false}