{"cameraMode":{"drawMode":0,"name":"Shaded","section":"Shading Mode"},"sceneLighting":true,"audioPlay":false,"sceneViewState":{"showFog":true,"showMaterialUpdate":true,"showSkybox":true,"showFlares":true,"showImageEffects":true,"showParticleSystems":true},"in2DMode":false,"pivot":{"x":385.3517150878906,"y":185.34573364257813,"z":-35.115478515625},"rotation":{"x":0.013487330637872219,"y":0.04225227236747742,"z":-0.0006075092824175954,"w":0.9990530014038086},"size":935.8921508789063,"orthographic":false}