{"cameraMode":{"drawMode":0,"name":"Shaded","section":"Shading Mode"},"sceneLighting":true,"audioPlay":false,"sceneViewState":{"showFog":true,"showMaterialUpdate":true,"showSkybox":true,"showFlares":true,"showImageEffects":true,"showParticleSystems":true},"in2DMode":false,"pivot":{"x":-14.377584457397461,"y":1.6717414855957032,"z":-2.372802734375},"rotation":{"x":0.11226716637611389,"y":0.0032428731210529806,"z":-0.0004039909690618515,"w":0.9937099814414978},"size":83.51246643066406,"orthographic":false}