{"cameraMode":{"drawMode":0,"name":"Shaded","section":"Shading Mode"},"sceneLighting":true,"audioPlay":false,"sceneViewState":{"showFog":true,"showMaterialUpdate":true,"showSkybox":true,"showFlares":true,"showImageEffects":true,"showParticleSystems":true},"in2DMode":false,"pivot":{"x":-0.6561450958251953,"y":0.7163540124893189,"z":5.182805061340332},"rotation":{"x":0.1517914980649948,"y":-0.6896718144416809,"z":0.1513165384531021,"w":0.6917109489440918},"size":2.9496095180511476,"orthographic":false}