{"cameraMode":{"drawMode":0,"name":"Shaded","section":"Shading Mode"},"sceneLighting":true,"audioPlay":false,"sceneViewState":{"showFog":true,"showMaterialUpdate":true,"showSkybox":true,"showFlares":true,"showImageEffects":true,"showParticleSystems":true},"in2DMode":false,"pivot":{"x":-0.21206407248973847,"y":1.5190320014953614,"z":-0.06459784507751465},"rotation":{"x":0.007521297782659531,"y":-0.9923186302185059,"z":0.09586633741855622,"w":0.07784850895404816},"size":2.509913444519043,"orthographic":false}