{"cameraMode":{"drawMode":0,"name":"Shaded","section":"Shading Mode"},"sceneLighting":true,"audioPlay":false,"sceneViewState":{"showFog":true,"showMaterialUpdate":true,"showSkybox":true,"showFlares":true,"showImageEffects":true,"showParticleSystems":true},"in2DMode":false,"pivot":{"x":-0.8051586151123047,"y":6.3566975593566898,"z":-9.744357109069825},"rotation":{"x":0.07426819950342179,"y":0.6689743399620056,"z":-0.067458376288414,"w":0.7364888191223145},"size":40.07433319091797,"orthographic":false}