{"cameraMode":{"drawMode":0,"name":"Shaded","section":"Shading Mode"},"sceneLighting":true,"audioPlay":false,"sceneViewState":{"showFog":true,"showMaterialUpdate":true,"showSkybox":true,"showFlares":true,"showImageEffects":true,"showParticleSystems":true},"in2DMode":false,"pivot":{"x":-5.169963359832764,"y":23.73680877685547,"z":-28.795211791992189},"rotation":{"x":0.0644570142030716,"y":-0.007220108062028885,"z":0.0004295655235182494,"w":0.997929036617279},"size":46.17256164550781,"orthographic":false}