{"cameraMode":{"drawMode":0,"name":"Shaded","section":"Shading Mode"},"sceneLighting":true,"audioPlay":false,"sceneViewState":{"showFog":true,"showMaterialUpdate":true,"showSkybox":true,"showFlares":true,"showImageEffects":true,"showParticleSystems":true},"in2DMode":false,"pivot":{"x":3.457496166229248,"y":-0.08272838592529297,"z":-2.3011374473571779},"rotation":{"x":-0.10159405320882797,"y":-0.7309465408325195,"z":0.11161236464977265,"w":-0.6655797362327576},"size":8.635632514953614,"orthographic":false}