{"cameraMode":{"drawMode":0,"name":"Shaded","section":"Shading Mode"},"sceneLighting":true,"audioPlay":false,"sceneViewState":{"showFog":true,"showMaterialUpdate":true,"showSkybox":true,"showFlares":true,"showImageEffects":true,"showParticleSystems":true},"in2DMode":false,"pivot":{"x":364.3352966308594,"y":235.80760192871095,"z":45.825164794921878},"rotation":{"x":-0.01199907623231411,"y":0.009267578832805157,"z":0.00007403878407785669,"w":0.9999219179153442},"size":541.1663818359375,"orthographic":false}