{"cameraMode":{"drawMode":0,"name":"Shaded","section":"Shading Mode"},"sceneLighting":true,"audioPlay":false,"sceneViewState":{"showFog":true,"showMaterialUpdate":true,"showSkybox":true,"showFlares":true,"showImageEffects":true,"showParticleSystems":true},"in2DMode":false,"pivot":{"x":2.7584476470947267,"y":-1.1078805923461915,"z":-4.2304511070251469},"rotation":{"x":0.12335993349552155,"y":0.6274352073669434,"z":-0.10160838067531586,"w":0.7621387243270874},"size":21.26742172241211,"orthographic":false}