{"cameraMode":{"drawMode":0,"name":"Shaded","section":"Shading Mode"},"sceneLighting":true,"audioPlay":false,"sceneViewState":{"showFog":true,"showMaterialUpdate":true,"showSkybox":true,"showFlares":true,"showImageEffects":true,"showParticleSystems":true},"in2DMode":false,"pivot":{"x":-8.777791023254395,"y":-1.494774580001831,"z":9.617475509643555},"rotation":{"x":-0.14942066371440888,"y":0.49749311804771426,"z":-0.08744235336780548,"w":-0.8500356078147888},"size":15.358936309814454,"orthographic":false}