{"cameraMode":{"drawMode":0,"name":"Shaded","section":"Shading Mode"},"sceneLighting":true,"audioPlay":false,"sceneViewState":{"showFog":true,"showMaterialUpdate":true,"showSkybox":true,"showFlares":true,"showImageEffects":true,"showParticleSystems":true},"in2DMode":false,"pivot":{"x":0.29473137855529787,"y":0.9643344879150391,"z":1.2074357271194459},"rotation":{"x":0.08884458243846894,"y":-0.7097665667533875,"z":0.09097222983837128,"w":0.6929020881652832},"size":2.2151589393615724,"orthographic":false}