{"cameraMode":{"drawMode":0,"name":"Shaded","section":"Shading Mode"},"sceneLighting":true,"audioPlay":false,"sceneViewState":{"showFog":true,"showMaterialUpdate":true,"showSkybox":true,"showFlares":true,"showImageEffects":true,"showParticleSystems":true},"in2DMode":false,"pivot":{"x":0.44185495376586916,"y":0.47626280784606936,"z":0.38118305802345278},"rotation":{"x":0.08884458243846894,"y":-0.7097665667533875,"z":0.09097222983837128,"w":0.6929020881652832},"size":4.615159034729004,"orthographic":false}