{"cameraMode":{"drawMode":0,"name":"Shaded","section":"Shading Mode"},"sceneLighting":true,"audioPlay":false,"sceneViewState":{"showFog":true,"showMaterialUpdate":true,"showSkybox":true,"showFlares":true,"showImageEffects":true,"showParticleSystems":true},"in2DMode":false,"pivot":{"x":0.23225188255310059,"y":0.6448224782943726,"z":0.7464087009429932},"rotation":{"x":-0.04986027628183365,"y":-0.8172639012336731,"z":0.07153752446174622,"w":-0.5696333646774292},"size":3.2153141498565676,"orthographic":false}