{"cameraMode":{"drawMode":0,"name":"Shaded","section":"Shading Mode"},"sceneLighting":true,"audioPlay":false,"sceneViewState":{"showFog":true,"showMaterialUpdate":true,"showSkybox":true,"showFlares":true,"showImageEffects":true,"showParticleSystems":true},"in2DMode":false,"pivot":{"x":162.40475463867188,"y":188.57827758789063,"z":384.764404296875},"rotation":{"x":0.04048809036612511,"y":-0.013223029673099518,"z":0.0005039453972131014,"w":0.9991267919540405},"size":878.9309692382813,"orthographic":false}