{"cameraMode":{"drawMode":0,"name":"Shaded","section":"Shading Mode"},"sceneLighting":true,"audioPlay":false,"sceneViewState":{"showFog":true,"showMaterialUpdate":true,"showSkybox":true,"showFlares":true,"showImageEffects":true,"showParticleSystems":true},"in2DMode":false,"pivot":{"x":-0.1167597770690918,"y":0.7544471025466919,"z":0.7098478674888611},"rotation":{"x":0.09411581605672836,"y":-0.729052722454071,"z":0.10236016660928726,"w":0.6702186465263367},"size":2.8897764682769777,"orthographic":false}