{"cameraMode":{"drawMode":0,"name":"Shaded","section":"Shading Mode"},"sceneLighting":true,"audioPlay":false,"sceneViewState":{"showFog":true,"showMaterialUpdate":true,"showSkybox":true,"showFlares":true,"showImageEffects":true,"showParticleSystems":true},"in2DMode":false,"pivot":{"x":315.64208984375,"y":135.63389587402345,"z":49.13140869140625},"rotation":{"x":-0.01199907623231411,"y":0.009267578832805157,"z":0.00007403878407785669,"w":0.9999219179153442},"size":588.9165649414063,"orthographic":false}