{"cameraMode":{"drawMode":0,"name":"Shaded","section":"Shading Mode"},"sceneLighting":true,"audioPlay":false,"sceneViewState":{"showFog":true,"showMaterialUpdate":true,"showSkybox":true,"showFlares":true,"showImageEffects":true,"showParticleSystems":true},"in2DMode":false,"pivot":{"x":0.0036263465881347658,"y":1.1168609857559205,"z":0.4617213010787964},"rotation":{"x":0.08226173371076584,"y":0.8605280518531799,"z":-0.14727270603179933,"w":0.4806641936302185},"size":7.380917072296143,"orthographic":false}