{"cameraMode":{"drawMode":0,"name":"Shaded","section":"Shading Mode"},"sceneLighting":true,"audioPlay":false,"sceneViewState":{"showFog":true,"showMaterialUpdate":true,"showSkybox":true,"showFlares":true,"showImageEffects":true,"showParticleSystems":true},"in2DMode":false,"pivot":{"x":-2.9316201210021974,"y":-0.2783491611480713,"z":4.685636043548584},"rotation":{"x":-0.13469497859477998,"y":-0.7189797759056091,"z":0.14537207782268525,"w":-0.6661916375160217},"size":6.615817070007324,"orthographic":false}