{"cameraMode":{"drawMode":0,"name":"Shaded","section":"Shading Mode"},"sceneLighting":true,"audioPlay":false,"sceneViewState":{"showFog":true,"showMaterialUpdate":true,"showSkybox":true,"showFlares":true,"showImageEffects":true,"showParticleSystems":true},"in2DMode":false,"pivot":{"x":1.3338561058044434,"y":2.0152933597564699,"z":-1.0307303667068482},"rotation":{"x":-0.061522044241428378,"y":-0.7477418184280396,"z":0.06997498124837876,"w":-0.6574221253395081},"size":11.353915214538575,"orthographic":false}